{"name": "Zoom 21", "mod": 1580041635, "config": {"overview_zoom": 0.9999999999999998, "overview_zoom_default": 1.0, "review_zoom": 1.6817928305074286, "review_zoom_default": 1.0}}